{"employees": [{"name": "Fafa", "role": "PM", "phone": "", "job_site": null, "box": null, "x": 535.21900912521, "y": 147.21900912521}], "job_sites": [{"name": "Job Site 1", "x": 50.0, "y": 50.0, "status": {"PM": false, "GM": false, "Foreman": false, "Electrician": [], "ElectricianBoxCoords": [54.21900912521, 151.25621900504007, 235.63640150924013, 383.3017208915902], "PMCoords": [54.21900912521, 54.21900912521, 235.63640150924013, 79.53306387647001], "GMCoords": [54.21900912521, 83.75207300168002, 235.63640150924013, 109.06612775294003], "ForemanCoords": [54.21900912521, 113.28513687815004, 235.63640150924013, 138.59919162941006], "Collapsed": false}}], "scale": 0.42190091252100026, "canvas_transform": [155.0, 42.0], "scroll_x": 0.0, "scroll_y": 0.0}